{
  "AAPL": 3400000000000.0,
  "MSFT": 3100000000000.0,
  "NVDA": 2800000000000.0,
  "AVGO": 650000000000.0,
  "ADBE": 42384694525.49608,
  "CRM": 332720339691.098,
  "CSCO": 61874224046.67981,
  "AMD": 59106289019.057335,
  "INTC": 66577013521.18813,
  "AMZN": 1900000000000.0,
  "TSLA": 700000000000.0,
  "HD": 19368111931.893402,
  "MCD": 19454648254.100174,
  "NKE": 44525557135.20009,
  "LOW": 82611073939.0812,
  "SBUX": 277485568678.1106,
  "GOOGL": 2100000000000.0,
  "GOOG": 2100000000000.0,
  "META": 1200000000000.0,
  "NFLX": 12111892900.178375,
  "DIS": 345814130576.47894,
  "CMCSA": 55059824790.15329,
  "VZ": 86046893609.6006,
  "T": 72747203477.04614,
  "BRK-B": 900000000000.0,
  "JPM": 600000000000.0,
  "V": 550000000000.0,
  "MA": 65861563152.13996,
  "BAC": 214644152207.0726,
  "WFC": 26065846069.167625,
  "MS": 44125078832.28906,
  "GS": 305866763003.6593,
  "BLK": 29498682361.329647,
  "UNH": 83463957830.33588,
  "LLY": 800000000000.0,
  "JNJ": 42458213110.69444,
  "MRK": 20187483165.597073,
  "ABBV": 348023037636.62866,
  "PFE": 93012971548.51999,
  "AMGN": 73591140859.02563,
  "TMO": 81477700112.99718,
  "PG": 19144855626.819138,
  "COST": 63229050560.13275,
  "PEP": 26125770115.64057,
  "KO": 61709192627.2379,
  "WMT": 500000000000.0,
  "PM": 89202982618.90544,
  "XOM": 500000000000.0,
  "CVX": 311575553463.81396,
  "COP": 41972864310.211395,
  "SLB": 11845649877.082544,
  "EOG": 33207394291.77144,
  "MPC": 85798165689.38318,
  "LIN": 41904082582.88991,
  "SHW": 44829224034.26446,
  "FCX": 13395522317.62616,
  "CAT": 13979722126.510677,
  "UNP": 98730076232.17259,
  "GE": 22390164045.587906,
  "HON": 48722920437.00011,
  "NEE": 83607612972.46426,
  "DUK": 370932640109.1507,
  "SO": 65449510477.87339,
  "PLD": 359667289326.14886,
  "AMT": 83836563062.66002,
  "EQIX": 45350966765.38244
}